ticket_id,created_at,category,priority,status,response_time_hrs,resolution_time_hrs,agent_id,customer_rating,issue_summary
TKT-0433,2024-01-01 22:28:48,Technical,Critical,Open,0.77,,AGT-10,,Webhook deliveries silently dropped
TKT-0157,2024-01-02 00:06:56,Technical,Low,Resolved,10.97,11.75,AGT-01,5,Data export times out on large accounts
TKT-0039,2024-01-02 01:00:32,Technical,Medium,Resolved,1.95,33.74,AGT-12,4,Login fails with 500 error
TKT-0188,2024-01-02 04:52:21,Billing,High,Escalated,2.22,,AGT-02,,Subscription renewed despite cancellation
TKT-0023,2024-01-02 05:52:26,Technical,Low,Resolved,3.36,10.59,AGT-04,4,Webhook deliveries silently dropped
TKT-0276,2024-01-02 07:43:53,Technical,Critical,Resolved,5.33,9.96,AGT-12,5,Webhook deliveries silently dropped
TKT-0374,2024-01-02 08:27:05,Technical,Medium,Resolved,9.16,21.96,AGT-11,2,Mobile app crashes on startup
TKT-0305,2024-01-02 10:11:00,General,High,Open,1.38,,AGT-04,,Feature request: dark mode
TKT-0214,2024-01-02 13:03:49,Technical,Low,Resolved,5.41,20.76,AGT-08,4,SSO redirect loop after password reset
TKT-0028,2024-01-02 20:57:49,Billing,Medium,Resolved,1.35,8.0,AGT-03,5,Promo code not applied at checkout
TKT-0466,2024-01-02 21:41:23,Billing,Low,Resolved,8.13,13.6,AGT-05,5,Subscription renewed despite cancellation
TKT-0251,2024-01-03 03:04:26,Billing,High,Resolved,1.59,19.23,AGT-06,5,Promo code not applied at checkout
TKT-0291,2024-01-03 06:04:27,Technical,High,Resolved,1.63,22.05,AGT-03,3,Webhook deliveries silently dropped
TKT-0007,2024-01-03 15:38:03,General,High,Resolved,1.34,4.73,AGT-02,3,Request for onboarding session
TKT-0422,2024-01-03 15:42:54,Technical,Low,Resolved,5.61,6.11,AGT-08,5,Mobile app crashes on startup
TKT-0311,2024-01-04 03:31:16,General,Medium,Resolved,1.31,8.72,AGT-06,2,How to add a team member
TKT-0356,2024-01-04 04:20:17,Technical,High,Resolved,3.09,14.57,AGT-08,3,Webhook deliveries silently dropped
TKT-0032,2024-01-04 06:47:51,Technical,Critical,Open,5.64,,AGT-03,,Login fails with 500 error
TKT-0348,2024-01-04 09:32:30,Technical,Low,Escalated,8.08,,AGT-06,,Dashboard charts fail to render
TKT-0114,2024-01-04 12:49:28,General,Low,Escalated,7.13,,AGT-05,,Request for onboarding session
TKT-0074,2024-01-04 15:05:28,General,Low,Resolved,1.88,5.71,AGT-12,2,How to add a team member
TKT-0089,2024-01-04 16:46:03,Technical,Low,Open,8.92,,AGT-10,,Data export times out on large accounts
TKT-0282,2024-01-04 21:15:04,Technical,High,Resolved,1.89,92.74,AGT-01,4,SSO redirect loop after password reset
TKT-0066,2024-01-04 21:47:45,Technical,Critical,Resolved,1.55,28.32,AGT-09,4,Dashboard charts fail to render
TKT-0407,2024-01-04 22:37:21,Billing,Low,Resolved,6.6,9.28,AGT-08,1,Invoice shows incorrect tax amount
TKT-0412,2024-01-04 23:26:35,Technical,Medium,Resolved,5.84,24.86,AGT-05,1,Data export times out on large accounts
TKT-0402,2024-01-04 23:48:22,Billing,Medium,Resolved,2.29,2.79,AGT-09,5,Duplicate charge on monthly invoice
TKT-0026,2024-01-05 00:14:04,Billing,Critical,Resolved,0.45,21.7,AGT-08,4,Subscription renewed despite cancellation
TKT-0330,2024-01-05 01:18:11,General,Medium,Resolved,3.3,4.53,AGT-12,5,How to add a team member
TKT-0171,2024-01-05 05:22:52,Technical,Low,Resolved,15.02,15.52,AGT-11,4,Login fails with 500 error
TKT-0351,2024-01-05 08:06:40,Billing,Medium,Resolved,4.5,43.33,AGT-11,3,Refund not received after cancellation
TKT-0451,2024-01-05 14:24:04,General,Critical,Escalated,0.43,,AGT-08,,Clarification on data retention policy
TKT-0396,2024-01-05 15:00:11,General,Critical,Resolved,1.09,14.73,AGT-01,4,Request for onboarding session
TKT-0247,2024-01-05 17:35:57,Technical,High,Resolved,5.2,17.27,AGT-04,1,Mobile app crashes on startup
TKT-0022,2024-01-05 19:23:36,Billing,Medium,Resolved,2.81,4.96,AGT-02,2,Invoice shows incorrect tax amount
TKT-0149,2024-01-05 20:33:57,Technical,Low,Open,4.5,,AGT-05,,Login fails with 500 error
TKT-0286,2024-01-05 23:28:13,General,Medium,Open,5.87,,AGT-12,,How to add a team member
TKT-0411,2024-01-05 23:32:26,Billing,Low,Escalated,5.38,,AGT-06,,Refund not received after cancellation
TKT-0372,2024-01-06 00:17:41,Technical,Critical,Resolved,0.89,19.39,AGT-01,4,API returns stale results after update
TKT-0397,2024-01-06 00:26:25,Billing,Medium,Escalated,1.85,,AGT-11,,Duplicate charge on monthly invoice
TKT-0417,2024-01-06 06:42:52,Technical,Critical,Open,5.32,,AGT-06,,API returns stale results after update
TKT-0076,2024-01-06 12:00:02,Technical,Low,Resolved,10.05,32.42,AGT-05,2,Data export times out on large accounts
TKT-0182,2024-01-06 13:01:24,General,Medium,Resolved,2.99,8.35,AGT-11,5,Question about plan limits
TKT-0191,2024-01-06 14:13:33,General,Low,Resolved,0.97,5.1,AGT-03,5,How to add a team member
TKT-0156,2024-01-06 15:02:50,Technical,High,Resolved,3.07,46.06,AGT-05,3,Data export times out on large accounts
TKT-0117,2024-01-06 19:37:34,Billing,Low,Resolved,3.89,16.59,AGT-04,4,Unable to update payment method
TKT-0243,2024-01-06 23:24:48,General,Low,Escalated,12.54,,AGT-07,,Request for onboarding session
TKT-0035,2024-01-07 01:01:58,General,Critical,Resolved,0.95,6.02,AGT-11,2,Clarification on data retention policy
TKT-0313,2024-01-07 05:26:53,General,Low,Resolved,1.59,14.13,AGT-03,4,Feature request: dark mode
TKT-0500,2024-01-07 05:59:30,General,Low,Resolved,3.87,4.37,AGT-08,4,Feature request: dark mode
TKT-0075,2024-01-07 07:50:44,Billing,Low,Open,2.63,,AGT-03,,Duplicate charge on monthly invoice
TKT-0485,2024-01-07 08:45:19,Technical,Low,Resolved,3.26,10.53,AGT-06,4,Webhook deliveries silently dropped
TKT-0317,2024-01-07 09:12:31,Technical,Low,Resolved,8.96,16.67,AGT-05,3,Dashboard charts fail to render
TKT-0001,2024-01-07 09:24:58,Technical,Medium,Escalated,4.74,,AGT-04,,Webhook deliveries silently dropped
TKT-0264,2024-01-07 09:37:13,Technical,High,Open,3.35,,AGT-06,,Dashboard charts fail to render
TKT-0403,2024-01-07 09:45:26,Billing,Medium,Open,1.34,,AGT-06,,Refund not received after cancellation
TKT-0158,2024-01-07 22:12:40,Technical,High,Resolved,2.64,15.72,AGT-01,1,Data export times out on large accounts
TKT-0132,2024-01-07 22:47:59,Technical,Medium,Resolved,7.69,22.71,AGT-08,5,Mobile app crashes on startup
TKT-0210,2024-01-08 02:43:52,General,Critical,Open,1.35,,AGT-03,,Feature request: dark mode
TKT-0081,2024-01-08 13:04:59,General,Medium,Resolved,2.84,4.66,AGT-03,2,Feature request: dark mode
TKT-0233,2024-01-08 15:39:55,Billing,High,Resolved,2.65,9.69,AGT-05,5,Invoice shows incorrect tax amount
TKT-0122,2024-01-08 23:37:54,Billing,Critical,Resolved,0.82,11.38,AGT-02,5,Duplicate charge on monthly invoice
TKT-0288,2024-01-09 00:35:10,General,Medium,Resolved,3.19,9.22,AGT-02,4,How to add a team member
TKT-0015,2024-01-09 06:25:56,General,Low,Open,2.18,,AGT-05,,Feature request: dark mode
TKT-0495,2024-01-09 14:48:14,Billing,Medium,Open,1.78,,AGT-12,,Promo code not applied at checkout
TKT-0487,2024-01-09 15:14:20,General,Critical,Resolved,0.32,6.92,AGT-06,5,How to add a team member
TKT-0462,2024-01-09 17:25:46,Technical,Critical,Escalated,3.07,,AGT-11,,Dashboard charts fail to render
TKT-0044,2024-01-09 18:24:22,Technical,Critical,Resolved,0.76,28.19,AGT-11,4,API returns stale results after update
TKT-0088,2024-01-10 03:23:27,Technical,Medium,Resolved,22.6,29.8,AGT-07,4,Login fails with 500 error
TKT-0358,2024-01-10 04:08:26,Technical,Critical,Resolved,1.11,45.19,AGT-01,5,Mobile app crashes on startup
TKT-0386,2024-01-10 07:52:48,General,Low,Resolved,5.78,6.28,AGT-03,4,Clarification on data retention policy
TKT-0437,2024-01-10 08:05:47,Billing,Medium,Resolved,4.93,12.35,AGT-03,5,Unable to update payment method
TKT-0450,2024-01-10 11:23:19,Technical,Critical,Resolved,4.42,25.67,AGT-06,4,Webhook deliveries silently dropped
TKT-0003,2024-01-10 12:09:41,Technical,Low,Open,6.67,,AGT-12,,Webhook deliveries silently dropped
TKT-0442,2024-01-10 15:59:14,Technical,Medium,Open,5.0,,AGT-01,,Webhook deliveries silently dropped
TKT-0106,2024-01-10 23:20:59,Technical,Low,Resolved,4.53,28.76,AGT-07,4,Mobile app crashes on startup
TKT-0341,2024-01-11 10:11:45,General,Low,Resolved,2.14,5.45,AGT-09,5,How to add a team member
TKT-0490,2024-01-11 11:14:55,General,Medium,Resolved,1.49,12.21,AGT-03,5,Question about plan limits
TKT-0329,2024-01-11 13:42:29,Billing,Low,Resolved,2.16,8.13,AGT-05,4,Subscription renewed despite cancellation
TKT-0200,2024-01-11 15:20:28,Technical,Low,Open,6.05,,AGT-10,,API returns stale results after update
TKT-0365,2024-01-11 19:10:20,General,Critical,Resolved,0.39,6.42,AGT-10,3,Request for onboarding session
TKT-0100,2024-01-11 23:52:09,Billing,High,Resolved,2.4,10.9,AGT-03,3,Promo code not applied at checkout
TKT-0289,2024-01-11 23:53:18,Technical,Low,Resolved,3.49,30.44,AGT-05,4,Data export times out on large accounts
TKT-0378,2024-01-12 02:55:18,Technical,Critical,Open,3.29,,AGT-04,,Webhook deliveries silently dropped
TKT-0125,2024-01-12 03:00:45,General,Low,Open,3.83,,AGT-06,,Feature request: dark mode
TKT-0274,2024-01-12 04:06:17,Billing,Medium,Resolved,1.91,19.9,AGT-04,3,Subscription renewed despite cancellation
TKT-0196,2024-01-12 04:15:50,Technical,Low,Open,5.38,,AGT-11,,Data export times out on large accounts
TKT-0379,2024-01-12 11:41:48,Technical,Medium,Resolved,33.02,25.18,AGT-05,4,Webhook deliveries silently dropped
TKT-0199,2024-01-12 11:51:22,Technical,Low,Resolved,4.59,55.64,AGT-01,5,SSO redirect loop after password reset
TKT-0228,2024-01-12 13:32:33,Technical,Medium,Escalated,2.56,,AGT-10,,Dashboard charts fail to render
TKT-0136,2024-01-12 14:18:16,Technical,High,Resolved,3.4,8.21,AGT-06,1,Data export times out on large accounts
TKT-0056,2024-01-12 14:48:05,Technical,Medium,Resolved,3.33,33.6,AGT-04,2,API returns stale results after update
TKT-0300,2024-01-13 01:00:50,Technical,Low,Resolved,6.72,46.42,AGT-12,5,Data export times out on large accounts
TKT-0373,2024-01-13 05:08:46,Billing,Low,Resolved,3.79,6.05,AGT-07,2,Subscription renewed despite cancellation
TKT-0285,2024-01-13 08:42:23,Technical,Low,Resolved,5.13,18.74,AGT-10,1,Data export times out on large accounts
TKT-0354,2024-01-13 11:21:47,Technical,Critical,Open,1.38,,AGT-04,,SSO redirect loop after password reset
TKT-0102,2024-01-13 13:08:09,Technical,Low,Resolved,2.93,33.9,AGT-12,4,Mobile app crashes on startup
TKT-0355,2024-01-13 16:18:34,Technical,Medium,Resolved,4.35,10.58,AGT-01,4,Webhook deliveries silently dropped
TKT-0138,2024-01-13 17:02:49,General,Low,Open,7.61,,AGT-09,,Clarification on data retention policy
TKT-0423,2024-01-13 17:04:37,General,Low,Resolved,2.08,4.17,AGT-08,1,Request for onboarding session
TKT-0486,2024-01-14 01:08:20,Technical,Medium,Escalated,2.22,,AGT-12,,Mobile app crashes on startup
TKT-0359,2024-01-14 04:15:35,Technical,Medium,Resolved,3.56,9.7,AGT-12,3,Webhook deliveries silently dropped
TKT-0165,2024-01-14 09:05:42,General,Medium,Resolved,1.35,5.44,AGT-08,5,Question about plan limits
TKT-0284,2024-01-14 11:52:20,Technical,Critical,Resolved,3.58,34.39,AGT-08,4,Webhook deliveries silently dropped
TKT-0446,2024-01-14 14:25:59,Billing,Medium,Resolved,1.89,7.49,AGT-06,4,Refund not received after cancellation
TKT-0431,2024-01-14 17:10:58,Technical,Low,Escalated,17.16,,AGT-01,,Login fails with 500 error
TKT-0143,2024-01-14 21:11:28,Technical,Medium,Resolved,3.09,18.96,AGT-07,4,API returns stale results after update
TKT-0085,2024-01-14 23:41:23,General,Low,Resolved,3.11,3.65,AGT-11,5,Feature request: dark mode
TKT-0256,2024-01-15 13:58:10,General,High,Resolved,1.37,9.33,AGT-09,3,Feature request: dark mode
TKT-0457,2024-01-15 14:21:39,Technical,Low,Resolved,13.56,49.57,AGT-03,1,Dashboard charts fail to render
TKT-0027,2024-01-15 17:19:29,Billing,High,Resolved,1.11,11.82,AGT-09,2,Subscription renewed despite cancellation
TKT-0362,2024-01-16 03:46:02,General,Low,Escalated,3.51,,AGT-05,,Question about plan limits
TKT-0217,2024-01-16 07:32:47,Technical,Medium,Open,9.13,,AGT-04,,API returns stale results after update
TKT-0467,2024-01-16 15:18:35,Billing,High,Resolved,2.26,5.33,AGT-04,5,Refund not received after cancellation
TKT-0458,2024-01-16 15:33:08,Billing,Low,Resolved,4.39,4.89,AGT-07,4,Subscription renewed despite cancellation
TKT-0206,2024-01-16 23:54:21,General,Medium,Resolved,1.29,5.75,AGT-06,2,Feature request: dark mode
TKT-0164,2024-01-17 02:29:45,Billing,High,Resolved,1.31,4.66,AGT-06,3,Promo code not applied at checkout
TKT-0227,2024-01-17 10:16:40,Technical,Medium,Resolved,4.42,13.42,AGT-06,5,SSO redirect loop after password reset
TKT-0401,2024-01-17 13:44:31,Billing,Critical,Open,0.53,,AGT-09,,Refund not received after cancellation
TKT-0064,2024-01-18 00:29:49,Technical,Medium,Resolved,3.49,40.99,AGT-10,3,Dashboard charts fail to render
TKT-0118,2024-01-18 01:48:34,Billing,Low,Open,4.76,,AGT-12,,Unable to update payment method
TKT-0176,2024-01-18 04:38:51,Technical,Low,Resolved,12.04,20.25,AGT-08,5,SSO redirect loop after password reset
TKT-0470,2024-01-18 08:36:50,Technical,Low,Escalated,8.36,,AGT-03,,SSO redirect loop after password reset
TKT-0268,2024-01-18 11:12:47,Billing,Medium,Resolved,6.34,6.84,AGT-04,1,Promo code not applied at checkout
TKT-0301,2024-01-18 19:16:45,General,Medium,Resolved,1.81,5.42,AGT-08,2,Clarification on data retention policy
TKT-0192,2024-01-19 02:12:54,Billing,High,Open,1.71,,AGT-12,,Promo code not applied at checkout
TKT-0405,2024-01-19 11:20:20,Technical,Medium,Open,0.99,,AGT-05,,Webhook deliveries silently dropped
TKT-0302,2024-01-19 11:47:02,Billing,Low,Open,4.29,,AGT-11,,Subscription renewed despite cancellation
TKT-0310,2024-01-19 14:14:04,Billing,Low,Resolved,6.08,20.21,AGT-08,5,Subscription renewed despite cancellation
TKT-0073,2024-01-19 15:30:39,Technical,Medium,Open,5.08,,AGT-08,,Mobile app crashes on startup
TKT-0016,2024-01-19 20:50:20,Technical,Medium,Resolved,3.22,125.39,AGT-09,4,Login fails with 500 error
TKT-0434,2024-01-19 22:20:54,General,Low,Resolved,3.19,5.95,AGT-10,5,Request for onboarding session
TKT-0098,2024-01-20 00:30:35,Technical,Medium,Resolved,5.92,29.49,AGT-11,3,Data export times out on large accounts
TKT-0367,2024-01-20 01:24:13,General,High,Resolved,1.49,5.35,AGT-08,5,How to add a team member
TKT-0360,2024-01-20 05:11:00,Billing,Low,Resolved,3.28,9.51,AGT-08,1,Duplicate charge on monthly invoice
TKT-0339,2024-01-20 11:21:13,Technical,Low,Resolved,5.45,18.36,AGT-08,4,Webhook deliveries silently dropped
TKT-0387,2024-01-20 13:56:55,Technical,Medium,Resolved,1.54,40.52,AGT-02,5,SSO redirect loop after password reset
TKT-0246,2024-01-20 17:37:53,General,Low,Open,3.01,,AGT-11,,How to add a team member
TKT-0306,2024-01-20 19:16:34,General,Medium,Resolved,1.58,10.78,AGT-10,5,Question about plan limits
TKT-0193,2024-01-20 21:14:17,Billing,High,Resolved,0.84,8.99,AGT-04,5,Unable to update payment method
TKT-0477,2024-01-20 22:06:52,Technical,Medium,Resolved,3.94,28.45,AGT-07,5,Mobile app crashes on startup
TKT-0332,2024-01-21 05:09:02,Billing,Medium,Resolved,2.34,8.84,AGT-06,5,Unable to update payment method
TKT-0364,2024-01-21 14:48:51,Technical,High,Open,1.37,,AGT-03,,Dashboard charts fail to render
TKT-0072,2024-01-21 17:23:21,General,Critical,Resolved,0.85,4.12,AGT-07,5,How to add a team member
TKT-0180,2024-01-21 21:33:58,Technical,Critical,Resolved,0.9,22.31,AGT-04,3,Dashboard charts fail to render
TKT-0065,2024-01-22 00:34:31,Billing,Low,Escalated,2.82,,AGT-12,,Invoice shows incorrect tax amount
TKT-0281,2024-01-22 01:55:02,Billing,High,Resolved,1.16,10.38,AGT-12,3,Unable to update payment method
TKT-0189,2024-01-22 03:29:19,Technical,Medium,Resolved,5.36,15.32,AGT-01,5,Login fails with 500 error
TKT-0481,2024-01-22 03:50:40,Technical,High,Resolved,1.45,27.69,AGT-02,5,API returns stale results after update
TKT-0037,2024-01-22 04:05:31,Technical,High,Escalated,4.82,,AGT-06,,Dashboard charts fail to render
TKT-0456,2024-01-22 04:25:19,Technical,High,Resolved,2.17,9.88,AGT-06,4,Dashboard charts fail to render
TKT-0159,2024-01-22 07:00:01,General,Medium,Resolved,2.06,3.05,AGT-06,4,Question about plan limits
TKT-0488,2024-01-22 08:10:02,General,Medium,Resolved,1.4,8.89,AGT-03,5,Clarification on data retention policy
TKT-0116,2024-01-22 15:11:59,Billing,Medium,Resolved,7.22,7.72,AGT-05,3,Duplicate charge on monthly invoice
TKT-0419,2024-01-22 15:41:18,Technical,Medium,Resolved,2.9,12.43,AGT-04,2,Mobile app crashes on startup
TKT-0473,2024-01-23 01:33:13,General,Critical,Resolved,0.44,3.07,AGT-01,4,Question about plan limits
TKT-0198,2024-01-23 11:28:10,Billing,Critical,Resolved,0.29,7.87,AGT-12,5,Duplicate charge on monthly invoice
TKT-0059,2024-01-23 11:36:00,Billing,Low,Resolved,4.08,9.34,AGT-12,2,Invoice shows incorrect tax amount
TKT-0094,2024-01-23 12:35:40,General,High,Resolved,1.18,7.08,AGT-11,5,Question about plan limits
TKT-0110,2024-01-23 15:09:14,Technical,Low,Resolved,7.32,53.79,AGT-09,3,Webhook deliveries silently dropped
TKT-0091,2024-01-23 15:14:14,Technical,Medium,Resolved,11.65,20.52,AGT-12,5,Login fails with 500 error
TKT-0293,2024-01-23 16:29:58,General,Low,Open,1.61,,AGT-01,,How to add a team member
TKT-0482,2024-01-24 00:17:20,General,Medium,Resolved,1.03,4.53,AGT-04,3,Question about plan limits
TKT-0406,2024-01-24 06:49:03,Technical,Critical,Resolved,1.23,18.85,AGT-06,5,Login fails with 500 error
TKT-0325,2024-01-24 06:59:19,General,High,Resolved,0.94,2.26,AGT-09,5,Request for onboarding session
TKT-0216,2024-01-24 16:52:54,Technical,Low,Escalated,7.16,,AGT-10,,Login fails with 500 error
TKT-0115,2024-01-24 17:24:45,Technical,Medium,Resolved,2.16,53.13,AGT-06,3,Dashboard charts fail to render
TKT-0031,2024-01-24 21:49:49,Billing,Critical,Resolved,0.2,7.82,AGT-08,4,Invoice shows incorrect tax amount
TKT-0338,2024-01-25 07:31:30,Technical,Low,Escalated,5.7,,AGT-06,,Mobile app crashes on startup
TKT-0314,2024-01-25 09:18:03,Technical,Critical,Escalated,0.39,,AGT-03,,Login fails with 500 error
TKT-0021,2024-01-25 11:29:33,Technical,Low,Resolved,5.33,17.4,AGT-08,2,Webhook deliveries silently dropped
TKT-0436,2024-01-25 23:43:55,Billing,Critical,Resolved,0.74,7.66,AGT-08,4,Duplicate charge on monthly invoice
TKT-0121,2024-01-26 02:13:32,Technical,Medium,Resolved,5.24,28.61,AGT-09,5,Mobile app crashes on startup
TKT-0215,2024-01-26 09:19:59,Technical,Critical,Resolved,0.69,18.91,AGT-07,1,Webhook deliveries silently dropped
TKT-0219,2024-01-26 12:36:00,Technical,Medium,Resolved,2.6,33.4,AGT-03,5,API returns stale results after update
TKT-0452,2024-01-26 13:03:20,Billing,Medium,Resolved,3.65,24.32,AGT-06,1,Promo code not applied at checkout
TKT-0099,2024-01-26 13:57:35,Technical,Medium,Resolved,3.39,60.54,AGT-06,3,Data export times out on large accounts
TKT-0084,2024-01-26 16:33:21,Technical,Medium,Resolved,5.33,16.32,AGT-05,5,Webhook deliveries silently dropped
TKT-0078,2024-01-27 03:15:59,Technical,Medium,Open,2.1,,AGT-12,,Login fails with 500 error
TKT-0426,2024-01-27 04:58:31,General,Medium,Resolved,0.86,5.04,AGT-06,4,How to add a team member
TKT-0430,2024-01-27 08:00:12,Technical,High,Resolved,1.36,22.14,AGT-05,4,Dashboard charts fail to render
TKT-0205,2024-01-27 13:16:40,Technical,High,Open,2.6,,AGT-09,,API returns stale results after update
TKT-0279,2024-01-27 13:29:04,General,High,Escalated,3.43,,AGT-10,,How to add a team member
TKT-0475,2024-01-27 20:30:59,General,Low,Open,4.49,,AGT-08,,How to add a team member
TKT-0036,2024-01-27 21:09:50,Billing,Medium,Open,2.43,,AGT-01,,Invoice shows incorrect tax amount
TKT-0119,2024-01-28 08:26:35,Billing,Medium,Open,3.3,,AGT-08,,Unable to update payment method
TKT-0187,2024-01-28 09:21:32,Billing,High,Resolved,2.67,8.68,AGT-04,5,Invoice shows incorrect tax amount
TKT-0002,2024-01-28 15:34:18,General,High,Escalated,1.42,,AGT-07,,Question about plan limits
TKT-0327,2024-01-28 20:20:03,Billing,Low,Open,6.39,,AGT-10,,Unable to update payment method
TKT-0124,2024-01-28 21:24:51,General,Medium,Resolved,1.1,12.14,AGT-09,5,Question about plan limits
TKT-0225,2024-01-28 22:15:56,Technical,High,Resolved,2.24,15.22,AGT-11,4,Webhook deliveries silently dropped
TKT-0464,2024-01-29 02:57:48,Billing,Critical,Resolved,0.67,6.44,AGT-07,2,Subscription renewed despite cancellation
TKT-0493,2024-01-29 03:09:33,General,Low,Open,6.91,,AGT-11,,Request for onboarding session
TKT-0186,2024-01-29 08:33:20,Billing,Medium,Open,1.11,,AGT-03,,Refund not received after cancellation
TKT-0231,2024-01-29 16:27:38,Technical,High,Open,1.03,,AGT-12,,Data export times out on large accounts
TKT-0161,2024-01-29 18:54:12,Technical,Medium,Resolved,4.24,22.75,AGT-09,4,API returns stale results after update
TKT-0383,2024-01-29 19:23:31,Technical,Medium,Resolved,4.11,22.7,AGT-10,4,Mobile app crashes on startup
TKT-0128,2024-01-29 20:25:42,Billing,Low,Open,7.29,,AGT-11,,Subscription renewed despite cancellation
TKT-0063,2024-01-29 23:26:16,Billing,Medium,Resolved,7.02,7.52,AGT-09,2,Promo code not applied at checkout
TKT-0489,2024-01-30 01:23:44,Billing,Medium,Escalated,6.11,,AGT-08,,Promo code not applied at checkout
TKT-0194,2024-01-30 02:05:00,Technical,Low,Resolved,7.68,16.93,AGT-11,5,Webhook deliveries silently dropped
TKT-0499,2024-01-30 02:17:15,General,Medium,Resolved,1.36,9.17,AGT-05,5,Clarification on data retention policy
TKT-0425,2024-01-30 04:34:27,Billing,Medium,Open,8.46,,AGT-05,,Subscription renewed despite cancellation
TKT-0151,2024-01-30 09:16:47,Billing,Low,Escalated,2.55,,AGT-05,,Unable to update payment method
TKT-0273,2024-01-30 19:34:49,Billing,Medium,Resolved,2.33,3.73,AGT-07,5,Unable to update payment method
TKT-0463,2024-01-30 20:09:59,Technical,Low,Escalated,5.41,,AGT-01,,Data export times out on large accounts
TKT-0092,2024-01-30 20:47:32,Technical,Low,Open,6.18,,AGT-01,,Mobile app crashes on startup
TKT-0068,2024-01-31 01:45:41,Billing,Low,Resolved,0.89,6.26,AGT-12,2,Invoice shows incorrect tax amount
TKT-0479,2024-01-31 04:57:41,General,Medium,Resolved,1.57,3.59,AGT-04,5,Feature request: dark mode
TKT-0241,2024-01-31 09:32:07,Technical,Medium,Escalated,3.38,,AGT-05,,API returns stale results after update
TKT-0221,2024-01-31 16:17:35,Technical,Critical,Resolved,1.2,29.52,AGT-09,4,SSO redirect loop after password reset
TKT-0207,2024-01-31 19:52:42,Technical,Medium,Resolved,2.62,6.53,AGT-03,5,API returns stale results after update
TKT-0366,2024-01-31 20:18:41,Billing,Medium,Resolved,3.27,4.68,AGT-08,5,Subscription renewed despite cancellation
TKT-0024,2024-01-31 23:33:45,Billing,Critical,Resolved,0.38,10.85,AGT-04,1,Duplicate charge on monthly invoice
TKT-0369,2024-02-01 03:06:46,Technical,Critical,Resolved,4.48,20.0,AGT-10,3,API returns stale results after update
TKT-0238,2024-02-01 06:19:04,Technical,Medium,Resolved,1.85,8.94,AGT-05,5,SSO redirect loop after password reset
TKT-0320,2024-02-01 09:49:28,Technical,Low,Resolved,12.48,14.09,AGT-10,5,Login fails with 500 error
TKT-0309,2024-02-01 14:02:05,Billing,High,Escalated,1.13,,AGT-07,,Invoice shows incorrect tax amount
TKT-0424,2024-02-01 17:11:33,General,Low,Resolved,3.5,7.39,AGT-03,4,Feature request: dark mode
TKT-0448,2024-02-01 21:09:21,Technical,Medium,Resolved,2.56,8.97,AGT-09,3,Webhook deliveries silently dropped
TKT-0133,2024-02-01 21:43:33,Technical,High,Resolved,1.12,23.28,AGT-03,5,Dashboard charts fail to render
TKT-0093,2024-02-01 23:05:04,General,Medium,Open,2.2,,AGT-04,,How to add a team member
TKT-0166,2024-02-02 01:26:58,Technical,Medium,Open,35.21,,AGT-10,,SSO redirect loop after password reset
TKT-0130,2024-02-02 02:59:50,Billing,Low,Resolved,2.13,3.32,AGT-07,5,Duplicate charge on monthly invoice
TKT-0009,2024-02-02 06:56:48,Billing,Low,Resolved,4.47,4.97,AGT-10,2,Refund not received after cancellation
TKT-0048,2024-02-02 10:56:20,Technical,High,Resolved,2.89,50.14,AGT-01,5,API returns stale results after update
TKT-0265,2024-02-02 12:35:14,Technical,Critical,Open,1.78,,AGT-02,,Dashboard charts fail to render
TKT-0420,2024-02-02 12:57:06,Technical,High,Open,2.13,,AGT-01,,Mobile app crashes on startup
TKT-0096,2024-02-02 13:30:36,Technical,Critical,Resolved,3.08,21.11,AGT-06,2,Data export times out on large accounts
TKT-0172,2024-02-02 16:07:46,Technical,Low,Resolved,3.78,10.48,AGT-01,2,Data export times out on large accounts
TKT-0326,2024-02-02 21:58:58,General,Low,Resolved,4.73,5.23,AGT-06,5,Request for onboarding session
TKT-0371,2024-02-03 01:24:32,Billing,Medium,Escalated,4.14,,AGT-08,,Duplicate charge on monthly invoice
TKT-0297,2024-02-03 09:08:42,Technical,Medium,Resolved,2.2,132.63,AGT-12,1,Webhook deliveries silently dropped
TKT-0254,2024-02-03 15:31:12,Billing,Medium,Open,2.86,,AGT-04,,Subscription renewed despite cancellation
TKT-0077,2024-02-03 16:55:18,General,Low,Open,4.35,,AGT-04,,Request for onboarding session
TKT-0343,2024-02-03 16:59:21,Billing,Medium,Open,2.39,,AGT-08,,Subscription renewed despite cancellation
TKT-0169,2024-02-03 19:34:38,Billing,High,Resolved,0.75,15.46,AGT-05,1,Unable to update payment method
TKT-0447,2024-02-03 23:37:41,Technical,Low,Escalated,6.44,,AGT-02,,Mobile app crashes on startup
TKT-0335,2024-02-04 00:48:23,Billing,Low,Resolved,2.14,11.28,AGT-03,4,Subscription renewed despite cancellation
TKT-0131,2024-02-04 13:24:46,Billing,Medium,Resolved,1.89,10.12,AGT-05,5,Unable to update payment method
TKT-0212,2024-02-04 23:45:01,Technical,High,Escalated,2.3,,AGT-05,,Data export times out on large accounts
TKT-0226,2024-02-05 07:47:40,Technical,Medium,Resolved,2.41,22.14,AGT-02,3,Dashboard charts fail to render
TKT-0303,2024-02-05 11:09:36,General,Medium,Resolved,2.04,2.54,AGT-04,2,Request for onboarding session
TKT-0137,2024-02-05 11:29:02,Billing,High,Resolved,2.76,6.34,AGT-11,2,Duplicate charge on monthly invoice
TKT-0012,2024-02-05 16:03:14,Billing,Medium,Resolved,1.41,2.97,AGT-09,1,Subscription renewed despite cancellation
TKT-0025,2024-02-05 19:15:38,Technical,Medium,Escalated,9.39,,AGT-01,,Dashboard charts fail to render
TKT-0236,2024-02-05 20:40:12,Technical,Medium,Open,3.44,,AGT-06,,Mobile app crashes on startup
TKT-0316,2024-02-06 16:01:22,Technical,High,Resolved,2.65,32.02,AGT-10,3,Mobile app crashes on startup
TKT-0181,2024-02-06 21:31:11,Billing,Low,Resolved,4.21,4.78,AGT-03,4,Invoice shows incorrect tax amount
TKT-0404,2024-02-07 01:27:00,Billing,High,Open,5.25,,AGT-06,,Invoice shows incorrect tax amount
TKT-0395,2024-02-07 06:05:05,Technical,High,Resolved,2.4,25.12,AGT-04,4,Login fails with 500 error
TKT-0259,2024-02-07 11:16:29,Technical,Low,Resolved,3.33,51.84,AGT-08,5,Webhook deliveries silently dropped
TKT-0148,2024-02-07 15:15:52,Technical,Medium,Resolved,1.85,47.75,AGT-04,5,Webhook deliveries silently dropped
TKT-0408,2024-02-07 16:14:43,Technical,High,Open,3.1,,AGT-10,,Dashboard charts fail to render
TKT-0080,2024-02-08 00:37:29,Billing,Medium,Open,4.36,,AGT-02,,Subscription renewed despite cancellation
TKT-0041,2024-02-08 04:00:03,Technical,Low,Resolved,4.88,8.55,AGT-08,5,Dashboard charts fail to render
TKT-0232,2024-02-08 08:31:18,Billing,Low,Escalated,2.6,,AGT-02,,Subscription renewed despite cancellation
TKT-0208,2024-02-08 14:58:32,Technical,High,Resolved,2.24,173.04,AGT-02,5,Mobile app crashes on startup
TKT-0249,2024-02-09 04:48:41,Technical,Medium,Resolved,8.1,18.62,AGT-01,5,Webhook deliveries silently dropped
TKT-0052,2024-02-09 06:05:19,Billing,Low,Resolved,4.04,12.28,AGT-09,5,Refund not received after cancellation
TKT-0271,2024-02-09 07:53:14,Billing,Medium,Open,3.88,,AGT-06,,Refund not received after cancellation
TKT-0242,2024-02-09 13:09:44,General,Medium,Escalated,3.71,,AGT-03,,Request for onboarding session
TKT-0270,2024-02-09 13:50:06,Billing,Critical,Resolved,0.34,13.01,AGT-10,3,Promo code not applied at checkout
TKT-0416,2024-02-09 20:53:36,General,Low,Open,1.05,,AGT-03,,Question about plan limits
TKT-0030,2024-02-10 04:34:24,Billing,Low,Resolved,5.47,15.58,AGT-09,4,Invoice shows incorrect tax amount
TKT-0346,2024-02-10 13:02:04,Billing,High,Resolved,3.04,11.13,AGT-12,5,Promo code not applied at checkout
TKT-0120,2024-02-10 16:33:37,Billing,Low,Resolved,1.91,9.87,AGT-01,3,Invoice shows incorrect tax amount
TKT-0459,2024-02-10 17:40:45,General,Low,Resolved,2.07,10.75,AGT-07,2,Feature request: dark mode
TKT-0029,2024-02-10 18:27:07,Technical,High,Resolved,2.85,21.07,AGT-11,3,Dashboard charts fail to render
TKT-0498,2024-02-10 23:54:05,Billing,Medium,Resolved,6.13,16.03,AGT-09,3,Refund not received after cancellation
TKT-0295,2024-02-11 06:34:55,Technical,Low,Escalated,5.0,,AGT-02,,Mobile app crashes on startup
TKT-0101,2024-02-11 08:46:50,Billing,Low,Open,3.62,,AGT-07,,Invoice shows incorrect tax amount
TKT-0299,2024-02-11 12:57:12,General,Low,Resolved,1.28,4.6,AGT-06,3,Question about plan limits
TKT-0258,2024-02-11 17:25:48,Technical,Medium,Resolved,4.18,23.32,AGT-03,5,SSO redirect loop after password reset
TKT-0223,2024-02-12 00:57:19,General,Critical,Resolved,0.92,5.74,AGT-08,3,Clarification on data retention policy
TKT-0197,2024-02-12 01:18:49,Technical,Medium,Resolved,3.19,15.37,AGT-05,2,Data export times out on large accounts
TKT-0484,2024-02-12 03:49:46,Billing,Medium,Resolved,1.81,13.29,AGT-04,5,Subscription renewed despite cancellation
TKT-0086,2024-02-12 06:11:06,General,Low,Resolved,2.42,3.43,AGT-09,5,Question about plan limits
TKT-0060,2024-02-12 09:38:58,Technical,High,Resolved,1.92,23.18,AGT-03,5,Login fails with 500 error
TKT-0057,2024-02-12 11:03:34,General,Medium,Escalated,0.71,,AGT-10,,Question about plan limits
TKT-0278,2024-02-12 20:00:58,Technical,Medium,Resolved,2.98,82.38,AGT-12,4,Webhook deliveries silently dropped
TKT-0079,2024-02-13 15:34:46,Billing,High,Resolved,1.56,11.65,AGT-09,4,Duplicate charge on monthly invoice
TKT-0202,2024-02-13 22:09:27,Technical,Low,Resolved,7.32,19.56,AGT-07,5,Data export times out on large accounts
TKT-0429,2024-02-14 03:19:15,Technical,High,Resolved,1.66,7.28,AGT-07,3,API returns stale results after update
TKT-0179,2024-02-14 14:39:31,Billing,Medium,Open,1.04,,AGT-03,,Subscription renewed despite cancellation
TKT-0308,2024-02-14 22:51:11,Technical,Low,Resolved,2.99,134.53,AGT-08,3,Webhook deliveries silently dropped
TKT-0353,2024-02-15 00:41:53,General,High,Resolved,0.91,4.29,AGT-09,2,How to add a team member
TKT-0294,2024-02-15 02:46:49,General,High,Resolved,1.04,7.19,AGT-01,5,Clarification on data retention policy
TKT-0476,2024-02-15 04:24:03,Technical,Medium,Open,3.75,,AGT-07,,API returns stale results after update
TKT-0113,2024-02-15 04:38:15,Billing,High,Resolved,1.33,5.19,AGT-09,4,Invoice shows incorrect tax amount
TKT-0474,2024-02-15 05:35:46,Technical,High,Resolved,3.01,7.8,AGT-05,5,Mobile app crashes on startup
TKT-0380,2024-02-15 10:30:30,Technical,Medium,Escalated,4.53,,AGT-12,,Dashboard charts fail to render
TKT-0142,2024-02-15 16:33:19,Technical,High,Resolved,2.98,6.41,AGT-10,4,Mobile app crashes on startup
TKT-0183,2024-02-15 18:50:59,General,Medium,Resolved,1.39,9.72,AGT-05,4,Question about plan limits
TKT-0107,2024-02-15 23:52:09,Technical,Low,Resolved,5.08,18.22,AGT-06,3,Mobile app crashes on startup
TKT-0175,2024-02-16 02:01:44,Technical,Medium,Resolved,9.17,9.67,AGT-04,4,Mobile app crashes on startup
TKT-0147,2024-02-16 11:34:32,General,Medium,Resolved,1.25,37.38,AGT-05,4,How to add a team member
TKT-0399,2024-02-16 13:25:13,General,Medium,Resolved,4.47,11.3,AGT-11,1,Clarification on data retention policy
TKT-0004,2024-02-16 17:03:25,Technical,Low,Escalated,2.96,,AGT-04,,SSO redirect loop after password reset
TKT-0439,2024-02-16 21:00:22,General,Medium,Resolved,0.88,3.25,AGT-08,4,Question about plan limits
TKT-0239,2024-02-17 04:35:14,Technical,Low,Open,6.88,,AGT-08,,Mobile app crashes on startup
TKT-0460,2024-02-17 07:35:03,General,Low,Resolved,1.4,3.64,AGT-03,5,Request for onboarding session
TKT-0257,2024-02-17 08:38:59,Technical,Critical,Resolved,0.56,18.35,AGT-03,3,SSO redirect loop after password reset
TKT-0155,2024-02-17 11:08:34,General,Low,Resolved,3.31,3.81,AGT-04,5,Question about plan limits
TKT-0455,2024-02-17 13:26:07,General,Low,Resolved,2.97,9.28,AGT-07,3,Feature request: dark mode
TKT-0220,2024-02-17 14:11:20,Billing,High,Resolved,1.23,22.24,AGT-12,3,Subscription renewed despite cancellation
TKT-0323,2024-02-17 15:30:43,Billing,High,Resolved,2.37,30.9,AGT-12,1,Duplicate charge on monthly invoice
TKT-0390,2024-02-17 19:09:55,General,Medium,Open,2.88,,AGT-12,,Question about plan limits
TKT-0377,2024-02-17 19:31:24,Technical,Low,Resolved,7.38,16.73,AGT-03,2,Webhook deliveries silently dropped
TKT-0109,2024-02-17 23:34:14,Technical,Medium,Open,8.99,,AGT-10,,SSO redirect loop after password reset
TKT-0454,2024-02-17 23:52:40,Billing,Medium,Escalated,4.76,,AGT-08,,Refund not received after cancellation
TKT-0042,2024-02-18 03:59:51,General,Medium,Resolved,6.05,16.87,AGT-12,5,Request for onboarding session
TKT-0496,2024-02-18 05:00:41,Billing,Low,Resolved,2.61,7.77,AGT-12,5,Invoice shows incorrect tax amount
TKT-0127,2024-02-18 13:51:31,Technical,High,Resolved,1.38,27.03,AGT-05,5,API returns stale results after update
TKT-0363,2024-02-18 13:53:14,Billing,Medium,Resolved,2.43,5.98,AGT-05,3,Invoice shows incorrect tax amount
TKT-0154,2024-02-18 14:09:47,Billing,Medium,Escalated,1.8,,AGT-03,,Unable to update payment method
TKT-0095,2024-02-18 18:46:57,Billing,Critical,Resolved,0.33,9.09,AGT-10,5,Subscription renewed despite cancellation
TKT-0145,2024-02-18 19:27:43,Technical,Medium,Resolved,2.6,58.0,AGT-11,1,Dashboard charts fail to render
TKT-0331,2024-02-18 23:05:07,General,Medium,Escalated,1.28,,AGT-09,,How to add a team member
TKT-0443,2024-02-19 00:04:10,Technical,Low,Escalated,8.6,,AGT-08,,Webhook deliveries silently dropped
TKT-0413,2024-02-19 01:04:56,General,Low,Resolved,3.76,4.26,AGT-07,4,Feature request: dark mode
TKT-0250,2024-02-19 08:21:56,Billing,Low,Escalated,6.49,,AGT-12,,Subscription renewed despite cancellation
TKT-0017,2024-02-19 14:37:23,Billing,Low,Resolved,3.72,10.35,AGT-06,4,Refund not received after cancellation
TKT-0318,2024-02-19 15:30:49,General,Medium,Resolved,2.64,3.15,AGT-06,5,Request for onboarding session
TKT-0283,2024-02-19 20:52:19,Technical,Low,Open,5.79,,AGT-02,,Dashboard charts fail to render
TKT-0319,2024-02-19 22:50:36,General,High,Resolved,0.75,12.89,AGT-12,4,Feature request: dark mode
TKT-0280,2024-02-19 23:26:11,General,Critical,Open,0.31,,AGT-04,,Clarification on data retention policy
TKT-0453,2024-02-20 03:22:15,Technical,Medium,Escalated,5.28,,AGT-02,,SSO redirect loop after password reset
TKT-0253,2024-02-20 07:10:16,General,Low,Open,5.15,,AGT-11,,Request for onboarding session
TKT-0049,2024-02-20 08:32:09,Billing,Medium,Resolved,5.75,11.85,AGT-12,1,Duplicate charge on monthly invoice
TKT-0266,2024-02-20 09:45:31,Technical,Low,Resolved,6.23,24.93,AGT-11,4,Webhook deliveries silently dropped
TKT-0275,2024-02-20 18:58:17,Technical,High,Escalated,2.41,,AGT-01,,Mobile app crashes on startup
TKT-0400,2024-02-20 20:22:12,General,High,Escalated,0.59,,AGT-07,,Request for onboarding session
TKT-0168,2024-02-21 02:59:46,Technical,Medium,Open,3.1,,AGT-05,,Login fails with 500 error
TKT-0203,2024-02-21 04:47:20,Technical,Critical,Open,0.94,,AGT-05,,Login fails with 500 error
TKT-0051,2024-02-21 05:49:47,Technical,Medium,Resolved,3.31,154.89,AGT-09,4,API returns stale results after update
TKT-0277,2024-02-21 06:10:05,Technical,Medium,Resolved,7.27,26.18,AGT-10,4,Data export times out on large accounts
TKT-0033,2024-02-21 11:36:03,Billing,Low,Open,3.54,,AGT-06,,Invoice shows incorrect tax amount
TKT-0304,2024-02-21 17:06:05,Billing,High,Resolved,2.42,8.52,AGT-07,3,Refund not received after cancellation
TKT-0480,2024-02-21 17:26:05,Technical,Low,Resolved,8.42,17.1,AGT-08,5,Data export times out on large accounts
TKT-0375,2024-02-21 19:19:52,Technical,Medium,Resolved,3.3,13.32,AGT-08,5,Login fails with 500 error
TKT-0312,2024-02-21 21:07:45,Technical,Critical,Open,1.33,,AGT-05,,SSO redirect loop after password reset
TKT-0334,2024-02-22 10:21:28,General,Medium,Escalated,2.89,,AGT-04,,Clarification on data retention policy
TKT-0391,2024-02-22 14:00:39,Technical,Medium,Resolved,9.11,75.06,AGT-07,2,Data export times out on large accounts
TKT-0315,2024-02-22 14:16:11,Billing,Critical,Escalated,0.87,,AGT-07,,Unable to update payment method
TKT-0069,2024-02-22 14:17:00,Billing,High,Open,2.92,,AGT-03,,Invoice shows incorrect tax amount
TKT-0415,2024-02-22 19:30:41,Technical,Medium,Open,6.2,,AGT-08,,Webhook deliveries silently dropped
TKT-0071,2024-02-23 01:57:21,General,Critical,Resolved,0.37,7.78,AGT-10,3,Clarification on data retention policy
TKT-0344,2024-02-23 03:32:08,Technical,Medium,Escalated,3.74,,AGT-11,,API returns stale results after update
TKT-0055,2024-02-23 04:26:48,General,Critical,Open,1.12,,AGT-01,,Request for onboarding session
TKT-0139,2024-02-23 15:07:56,General,Low,Open,2.29,,AGT-10,,Feature request: dark mode
TKT-0322,2024-02-23 21:26:09,General,Medium,Resolved,3.76,4.26,AGT-01,3,Feature request: dark mode
TKT-0307,2024-02-23 22:22:40,Technical,Critical,Open,0.7,,AGT-06,,SSO redirect loop after password reset
TKT-0382,2024-02-24 03:07:03,Technical,Low,Escalated,20.25,,AGT-09,,Webhook deliveries silently dropped
TKT-0244,2024-02-24 03:33:43,Billing,Medium,Open,3.5,,AGT-10,,Subscription renewed despite cancellation
TKT-0321,2024-02-24 09:33:40,General,Medium,Open,1.74,,AGT-02,,Feature request: dark mode
TKT-0494,2024-02-24 09:58:18,General,Critical,Resolved,0.36,3.34,AGT-06,2,Feature request: dark mode
TKT-0222,2024-02-24 14:46:49,Technical,Low,Resolved,5.99,16.74,AGT-08,4,API returns stale results after update
TKT-0497,2024-02-24 20:44:27,Billing,Medium,Resolved,2.67,19.43,AGT-06,3,Invoice shows incorrect tax amount
TKT-0445,2024-02-24 23:14:54,General,Medium,Escalated,0.77,,AGT-03,,How to add a team member
TKT-0097,2024-02-25 02:35:00,Billing,Medium,Resolved,3.12,7.06,AGT-11,5,Subscription renewed despite cancellation
TKT-0350,2024-02-25 03:33:11,Billing,Medium,Resolved,1.73,5.02,AGT-10,5,Unable to update payment method
TKT-0046,2024-02-25 09:49:02,Billing,Critical,Resolved,0.37,5.5,AGT-11,4,Unable to update payment method
TKT-0349,2024-02-25 13:29:41,General,Medium,Resolved,2.92,5.84,AGT-06,2,Request for onboarding session
TKT-0248,2024-02-25 13:32:49,General,Low,Resolved,1.17,7.28,AGT-01,5,Feature request: dark mode
TKT-0103,2024-02-25 17:15:37,General,Medium,Escalated,1.31,,AGT-02,,Clarification on data retention policy
TKT-0058,2024-02-25 19:13:06,General,High,Resolved,0.77,9.24,AGT-04,5,How to add a team member
TKT-0006,2024-02-25 19:46:58,General,Medium,Resolved,2.94,7.87,AGT-01,4,Clarification on data retention policy
TKT-0267,2024-02-25 23:00:05,Technical,High,Open,2.35,,AGT-01,,Dashboard charts fail to render
TKT-0478,2024-02-26 03:38:39,Billing,Medium,Open,1.22,,AGT-03,,Unable to update payment method
TKT-0061,2024-02-26 04:20:34,General,Medium,Resolved,4.47,4.97,AGT-03,2,Feature request: dark mode
TKT-0020,2024-02-26 08:29:00,Technical,Critical,Resolved,2.01,12.46,AGT-01,4,Data export times out on large accounts
TKT-0483,2024-02-26 10:52:09,Billing,Critical,Resolved,0.47,7.96,AGT-10,4,Unable to update payment method
TKT-0263,2024-02-26 11:33:33,Billing,High,Open,1.5,,AGT-06,,Unable to update payment method
TKT-0213,2024-02-26 14:55:02,Technical,Medium,Open,5.89,,AGT-06,,API returns stale results after update
TKT-0418,2024-02-26 17:32:28,Technical,Medium,Escalated,4.01,,AGT-01,,Webhook deliveries silently dropped
TKT-0177,2024-02-26 19:49:12,General,Medium,Resolved,1.15,6.35,AGT-11,2,How to add a team member
TKT-0211,2024-02-27 00:53:46,Billing,High,Open,1.41,,AGT-08,,Duplicate charge on monthly invoice
TKT-0144,2024-02-27 00:55:33,Technical,Medium,Resolved,6.87,14.46,AGT-11,4,Login fails with 500 error
TKT-0108,2024-02-27 02:22:03,Technical,Medium,Resolved,6.13,10.29,AGT-10,4,SSO redirect loop after password reset
TKT-0438,2024-02-27 05:31:12,Billing,High,Resolved,3.12,3.9,AGT-07,5,Unable to update payment method
TKT-0011,2024-02-27 08:07:24,Technical,High,Resolved,2.43,14.66,AGT-04,5,Mobile app crashes on startup
TKT-0444,2024-02-27 08:36:40,Billing,Low,Resolved,2.53,14.44,AGT-11,4,Duplicate charge on monthly invoice
TKT-0492,2024-02-27 10:51:38,Billing,Medium,Resolved,4.42,7.65,AGT-10,5,Duplicate charge on monthly invoice
TKT-0292,2024-02-27 10:56:28,General,Medium,Open,2.42,,AGT-11,,Question about plan limits
TKT-0135,2024-02-27 16:16:34,Technical,Medium,Open,11.48,,AGT-12,,Login fails with 500 error
TKT-0472,2024-02-27 16:18:54,General,Medium,Escalated,3.37,,AGT-12,,Clarification on data retention policy
TKT-0062,2024-02-28 03:44:03,Technical,High,Resolved,2.05,12.71,AGT-04,5,Data export times out on large accounts
TKT-0441,2024-02-28 15:19:03,Billing,Medium,Open,9.39,,AGT-10,,Unable to update payment method
TKT-0123,2024-02-28 19:19:30,Billing,Low,Resolved,8.32,8.82,AGT-10,4,Duplicate charge on monthly invoice
TKT-0090,2024-02-28 19:35:16,General,Medium,Escalated,3.72,,AGT-02,,Request for onboarding session
TKT-0435,2024-02-28 19:47:12,Billing,Critical,Resolved,0.35,6.51,AGT-05,4,Promo code not applied at checkout
TKT-0471,2024-02-29 16:13:26,Technical,High,Resolved,1.22,8.99,AGT-09,4,Dashboard charts fail to render
TKT-0352,2024-02-29 17:42:10,General,Low,Open,2.36,,AGT-12,,Clarification on data retention policy
TKT-0368,2024-02-29 18:11:55,Technical,Low,Resolved,4.9,8.08,AGT-10,5,Mobile app crashes on startup
TKT-0333,2024-02-29 22:35:08,Technical,Medium,Resolved,7.49,14.48,AGT-09,5,Dashboard charts fail to render
TKT-0465,2024-03-01 01:44:40,Technical,Medium,Resolved,6.57,15.79,AGT-08,1,Login fails with 500 error
TKT-0184,2024-03-01 14:53:30,Billing,Medium,Resolved,2.2,10.73,AGT-10,5,Promo code not applied at checkout
TKT-0150,2024-03-01 16:24:16,Technical,High,Resolved,1.49,22.91,AGT-12,4,Dashboard charts fail to render
TKT-0229,2024-03-02 02:07:24,Technical,Medium,Open,2.85,,AGT-09,,Webhook deliveries silently dropped
TKT-0255,2024-03-02 02:59:08,Technical,High,Resolved,2.42,15.66,AGT-04,2,Data export times out on large accounts
TKT-0195,2024-03-02 06:14:08,Billing,Low,Resolved,6.09,6.59,AGT-09,5,Subscription renewed despite cancellation
TKT-0082,2024-03-02 07:00:54,Technical,High,Resolved,2.99,15.55,AGT-10,5,API returns stale results after update
TKT-0050,2024-03-02 09:21:27,Technical,Low,Open,13.67,,AGT-04,,API returns stale results after update
TKT-0045,2024-03-02 12:22:38,Technical,High,Escalated,7.17,,AGT-09,,Mobile app crashes on startup
TKT-0153,2024-03-02 13:33:16,Billing,Low,Resolved,14.14,9.87,AGT-05,5,Refund not received after cancellation
TKT-0111,2024-03-02 17:43:49,General,Medium,Resolved,1.96,2.46,AGT-03,3,Request for onboarding session
TKT-0005,2024-03-02 18:43:21,Technical,Low,Escalated,4.69,,AGT-09,,Data export times out on large accounts
TKT-0347,2024-03-03 00:14:42,Technical,Medium,Open,2.77,,AGT-11,,SSO redirect loop after password reset
TKT-0163,2024-03-03 11:20:04,General,Medium,Resolved,2.21,7.29,AGT-08,1,Feature request: dark mode
TKT-0234,2024-03-03 11:45:02,Billing,Low,Resolved,7.02,12.96,AGT-04,3,Duplicate charge on monthly invoice
TKT-0421,2024-03-03 14:04:48,Technical,Medium,Resolved,2.04,11.77,AGT-05,4,SSO redirect loop after password reset
TKT-0018,2024-03-03 14:52:53,General,Low,Resolved,2.02,4.8,AGT-05,5,How to add a team member
TKT-0370,2024-03-03 16:38:45,Billing,Medium,Resolved,2.31,8.15,AGT-08,5,Promo code not applied at checkout
TKT-0389,2024-03-03 17:48:42,Technical,Low,Resolved,6.36,124.91,AGT-12,5,Dashboard charts fail to render
TKT-0014,2024-03-03 20:06:33,Billing,Low,Resolved,21.66,14.83,AGT-07,5,Invoice shows incorrect tax amount
TKT-0034,2024-03-03 23:19:25,Technical,High,Escalated,3.76,,AGT-12,,API returns stale results after update
TKT-0067,2024-03-04 18:07:50,Billing,Medium,Resolved,3.6,9.65,AGT-09,5,Promo code not applied at checkout
TKT-0167,2024-03-04 18:18:57,General,Medium,Resolved,1.22,2.18,AGT-04,4,Question about plan limits
TKT-0324,2024-03-04 19:27:52,General,High,Resolved,0.6,7.08,AGT-07,1,Question about plan limits
TKT-0392,2024-03-04 21:42:12,General,Low,Resolved,3.43,11.13,AGT-01,3,How to add a team member
TKT-0146,2024-03-04 22:45:34,Billing,Medium,Resolved,2.29,2.79,AGT-02,5,Unable to update payment method
TKT-0083,2024-03-04 22:48:48,Technical,Medium,Resolved,4.38,154.87,AGT-11,1,Webhook deliveries silently dropped
TKT-0224,2024-03-04 23:52:36,Technical,High,Resolved,2.82,23.77,AGT-01,5,Data export times out on large accounts
TKT-0388,2024-03-05 02:12:01,Technical,High,Resolved,1.7,30.15,AGT-02,1,Login fails with 500 error
TKT-0336,2024-03-05 02:17:27,Technical,Medium,Escalated,6.83,,AGT-07,,Data export times out on large accounts
TKT-0269,2024-03-05 02:19:25,General,Low,Resolved,3.84,4.34,AGT-11,4,Request for onboarding session
TKT-0112,2024-03-05 03:45:39,Technical,Medium,Resolved,3.73,31.45,AGT-02,5,Data export times out on large accounts
TKT-0409,2024-03-05 03:57:51,Billing,Low,Resolved,2.52,12.69,AGT-05,4,Refund not received after cancellation
TKT-0385,2024-03-05 06:41:41,General,High,Escalated,0.68,,AGT-02,,Question about plan limits
TKT-0174,2024-03-05 11:48:52,Technical,Medium,Resolved,10.78,37.78,AGT-03,5,Login fails with 500 error
TKT-0047,2024-03-05 13:03:40,Technical,Low,Escalated,4.97,,AGT-02,,Mobile app crashes on startup
TKT-0272,2024-03-05 14:40:07,Billing,Low,Resolved,5.91,11.45,AGT-09,4,Subscription renewed despite cancellation
TKT-0209,2024-03-06 00:27:02,Technical,Medium,Resolved,3.34,16.87,AGT-11,1,SSO redirect loop after password reset
TKT-0298,2024-03-06 00:40:52,Technical,Low,Resolved,7.63,48.24,AGT-05,2,Data export times out on large accounts
TKT-0190,2024-03-06 03:19:03,Technical,Medium,Resolved,8.83,30.25,AGT-06,3,API returns stale results after update
TKT-0134,2024-03-06 04:47:31,Billing,Medium,Resolved,1.87,20.28,AGT-03,3,Invoice shows incorrect tax amount
TKT-0410,2024-03-06 05:38:57,Technical,High,Resolved,2.4,8.23,AGT-05,5,API returns stale results after update
TKT-0152,2024-03-06 07:59:05,Billing,Low,Resolved,5.81,9.09,AGT-07,4,Invoice shows incorrect tax amount
TKT-0296,2024-03-06 11:03:35,Billing,Low,Resolved,1.12,12.21,AGT-01,2,Unable to update payment method
TKT-0261,2024-03-06 14:21:13,Technical,Medium,Resolved,5.47,41.1,AGT-08,3,SSO redirect loop after password reset
TKT-0162,2024-03-06 18:37:17,Billing,High,Resolved,2.05,15.85,AGT-11,3,Subscription renewed despite cancellation
TKT-0240,2024-03-06 19:43:59,Technical,High,Resolved,4.94,12.61,AGT-04,2,Data export times out on large accounts
TKT-0170,2024-03-06 23:27:28,Technical,High,Escalated,5.12,,AGT-11,,API returns stale results after update
TKT-0245,2024-03-07 03:27:24,Technical,Medium,Resolved,6.14,29.47,AGT-07,4,API returns stale results after update
TKT-0019,2024-03-07 07:01:30,General,Medium,Resolved,4.44,4.94,AGT-08,5,How to add a team member
TKT-0201,2024-03-07 08:01:05,Technical,Medium,Resolved,3.35,24.18,AGT-12,5,Data export times out on large accounts
TKT-0040,2024-03-07 11:22:58,Billing,Medium,Resolved,1.97,16.87,AGT-10,4,Duplicate charge on monthly invoice
TKT-0290,2024-03-07 13:25:19,Technical,Low,Resolved,2.36,33.45,AGT-04,4,Data export times out on large accounts
TKT-0381,2024-03-07 20:26:41,Technical,Medium,Open,2.85,,AGT-01,,API returns stale results after update
TKT-0414,2024-03-07 21:27:29,Technical,Low,Open,3.55,,AGT-04,,SSO redirect loop after password reset
TKT-0126,2024-03-08 07:01:48,Technical,Medium,Resolved,7.35,21.16,AGT-01,2,SSO redirect loop after password reset
TKT-0449,2024-03-08 20:48:30,Technical,Medium,Escalated,3.03,,AGT-09,,API returns stale results after update
TKT-0008,2024-03-08 23:15:30,General,Low,Resolved,2.56,9.07,AGT-06,4,Clarification on data retention policy
TKT-0340,2024-03-09 01:04:04,General,Medium,Open,3.24,,AGT-10,,Feature request: dark mode
TKT-0262,2024-03-09 02:51:43,Technical,Low,Resolved,6.58,17.75,AGT-05,4,API returns stale results after update
TKT-0432,2024-03-09 07:43:35,Technical,Critical,Resolved,1.37,16.45,AGT-02,5,Dashboard charts fail to render
TKT-0104,2024-03-09 12:53:12,Technical,Medium,Resolved,7.48,16.31,AGT-01,4,API returns stale results after update
TKT-0178,2024-03-09 14:22:59,Billing,Medium,Escalated,0.96,,AGT-07,,Promo code not applied at checkout
TKT-0384,2024-03-09 18:49:05,Billing,Low,Resolved,6.66,17.06,AGT-10,3,Unable to update payment method
TKT-0237,2024-03-09 19:02:56,Technical,High,Resolved,2.1,14.85,AGT-12,2,API returns stale results after update
TKT-0010,2024-03-09 19:56:00,Billing,Medium,Resolved,1.28,13.36,AGT-05,4,Invoice shows incorrect tax amount
TKT-0342,2024-03-10 01:01:07,Technical,Critical,Resolved,2.73,41.78,AGT-11,5,Data export times out on large accounts
TKT-0376,2024-03-10 05:33:43,Technical,Medium,Resolved,1.02,17.63,AGT-03,5,Data export times out on large accounts
TKT-0141,2024-03-10 06:38:53,Technical,Low,Resolved,4.02,18.6,AGT-08,4,API returns stale results after update
TKT-0129,2024-03-10 06:55:14,General,High,Resolved,0.72,22.82,AGT-03,3,How to add a team member
TKT-0204,2024-03-10 10:31:14,Billing,Low,Resolved,1.44,10.02,AGT-07,2,Subscription renewed despite cancellation
TKT-0260,2024-03-10 12:11:21,Technical,Medium,Resolved,3.04,17.64,AGT-03,3,Webhook deliveries silently dropped
TKT-0105,2024-03-10 19:02:05,Billing,Low,Resolved,2.65,3.44,AGT-09,4,Subscription renewed despite cancellation
TKT-0185,2024-03-10 20:07:29,Technical,Low,Resolved,3.38,41.91,AGT-10,3,Login fails with 500 error
TKT-0491,2024-03-10 20:29:50,Technical,Medium,Resolved,3.08,20.96,AGT-10,5,SSO redirect loop after password reset
TKT-0087,2024-03-11 14:18:24,Billing,Medium,Open,5.92,,AGT-07,,Refund not received after cancellation
TKT-0469,2024-03-11 14:57:12,Technical,Critical,Escalated,0.79,,AGT-09,,Mobile app crashes on startup
TKT-0345,2024-03-11 16:12:36,General,High,Resolved,2.11,6.06,AGT-05,3,Question about plan limits
TKT-0427,2024-03-11 23:52:56,Technical,Medium,Open,4.85,,AGT-11,,Data export times out on large accounts
TKT-0173,2024-03-12 00:28:30,General,Low,Resolved,3.59,9.42,AGT-11,4,Request for onboarding session
TKT-0357,2024-03-12 12:15:33,Technical,Critical,Resolved,0.59,24.71,AGT-01,3,Login fails with 500 error
TKT-0428,2024-03-12 19:21:12,Technical,Medium,Escalated,4.58,,AGT-01,,Dashboard charts fail to render
TKT-0393,2024-03-12 19:36:16,Technical,Medium,Resolved,3.41,53.5,AGT-04,4,Login fails with 500 error
TKT-0070,2024-03-13 05:41:28,Technical,Critical,Escalated,1.67,,AGT-03,,Login fails with 500 error
TKT-0054,2024-03-13 05:49:26,Billing,Low,Escalated,3.69,,AGT-04,,Invoice shows incorrect tax amount
TKT-0013,2024-03-13 05:50:40,General,Low,Resolved,2.96,5.31,AGT-03,4,Clarification on data retention policy
TKT-0361,2024-03-13 09:47:42,Technical,Medium,Resolved,7.75,25.25,AGT-08,4,Data export times out on large accounts
TKT-0053,2024-03-13 23:38:20,Technical,Medium,Escalated,4.0,,AGT-05,,Mobile app crashes on startup
TKT-0398,2024-03-14 00:55:50,Technical,Low,Resolved,14.58,43.01,AGT-10,4,SSO redirect loop after password reset
TKT-0461,2024-03-14 01:07:08,General,Low,Open,6.19,,AGT-09,,Request for onboarding session
TKT-0230,2024-03-14 11:12:05,Technical,Medium,Resolved,3.43,25.91,AGT-03,5,SSO redirect loop after password reset
TKT-0328,2024-03-14 12:13:43,Technical,Low,Resolved,13.76,39.4,AGT-05,2,Webhook deliveries silently dropped
TKT-0252,2024-03-14 15:33:59,Technical,Medium,Open,1.58,,AGT-01,,SSO redirect loop after password reset
TKT-0337,2024-03-14 18:29:44,Technical,Low,Resolved,7.37,15.44,AGT-06,4,Data export times out on large accounts
TKT-0160,2024-03-14 20:12:10,Billing,Low,Resolved,2.5,10.98,AGT-06,3,Duplicate charge on monthly invoice
TKT-0440,2024-03-15 00:01:08,Billing,High,Open,0.8,,AGT-07,,Invoice shows incorrect tax amount
TKT-0235,2024-03-15 08:28:32,Technical,Low,Open,17.84,,AGT-07,,Webhook deliveries silently dropped
TKT-0468,2024-03-15 10:12:40,Technical,Critical,Resolved,0.83,17.77,AGT-03,5,Mobile app crashes on startup
TKT-0043,2024-03-15 12:58:28,General,Low,Resolved,1.74,5.24,AGT-04,5,Clarification on data retention policy
TKT-0218,2024-03-15 21:17:48,Billing,High,Escalated,1.16,,AGT-12,,Unable to update payment method
TKT-0287,2024-03-15 23:50:56,Billing,Medium,Open,7.63,,AGT-06,,Promo code not applied at checkout
TKT-0140,2024-03-16 02:27:49,Technical,Low,Open,11.32,,AGT-01,,Login fails with 500 error
TKT-0038,2024-03-16 12:15:55,Technical,Critical,Resolved,0.46,83.94,AGT-06,5,Data export times out on large accounts
TKT-0394,2024-03-16 13:02:11,Technical,Medium,Resolved,13.04,27.99,AGT-02,1,Dashboard charts fail to render
